<?xml version="1.0" encoding="UTF-8"?>
<project-private xmlns="http://www.netbeans.org/ns/project-private/1">
    <editor-bookmarks xmlns="http://www.netbeans.org/ns/editor-bookmarks/2" lastBookmarkId="0"/>
    <open-files xmlns="http://www.netbeans.org/ns/projectui-open-files/2">
        <group>
            <file>file:/C:/Users/Dell/Documents/NetBeansProjects/ocrs3/web/policelogin.jsp</file>
            <file>file:/C:/Users/Dell/Documents/NetBeansProjects/ocrs3/web/stat.jsp</file>
            <file>file:/C:/Users/Dell/Documents/NetBeansProjects/ocrs3/web/upstatus1.jsp</file>
            <file>file:/C:/Users/Dell/Documents/NetBeansProjects/ocrs3/web/home1.html</file>
            <file>file:/C:/Users/Dell/Documents/NetBeansProjects/ocrs3/web/uptheif.html</file>
            <file>file:/C:/Users/Dell/Documents/NetBeansProjects/ocrs3/web/uptheif2.html</file>
            <file>file:/C:/Users/Dell/Documents/NetBeansProjects/ocrs3/web/recordup1.jsp</file>
            <file>file:/C:/Users/Dell/Documents/NetBeansProjects/ocrs3/web/recordup2.jsp</file>
            <file>file:/C:/Users/Dell/Documents/NetBeansProjects/ocrs3/web/viewstatus.html</file>
            <file>file:/C:/Users/Dell/Documents/NetBeansProjects/ocrs3/src/java/java/records/listrecords.java</file>
            <file>file:/C:/Users/Dell/Documents/NetBeansProjects/ocrs3/src/java/java/com/crime/servlet/upCrime.java</file>
        </group>
    </open-files>
</project-private>
